<?xml version="1.0" encoding="UTF-8"?>
<!DOCTYPE mapper PUBLIC "-//mybatis.org//DTD Mapper 3.0//EN" "http://mybatis.org/dtd/mybatis-3-mapper.dtd">
<mapper namespace="com.dao.ChengjiDao">

    <!-- 通用查询结果列 -->
    <sql id="Base_Column_List">
        a.id as id
        ,a.chengji_name as chengjiName
        ,a.chengji_types as chengjiTypes
        ,a.xuenfen_number as xuenfenNumber
        ,a.chengji_content as chengjiContent
        ,a.yonghu_id as yonghuId
        ,a.chengji_delete as chengjiDelete
        ,a.create_time as createTime
    </sql>
    <select id="selectListView" parameterType="map" resultType="com.entity.view.ChengjiView" >
        SELECT
        <include refid="Base_Column_List" />
        <!-- 级联表的字段 -->
        ,yonghu.yonghu_uuid_number as yonghuUuidNumber
        ,yonghu.yonghu_name as yonghuName
        ,yonghu.yonghu_photo as yonghuPhoto
        ,yonghu.yonghu_phone as yonghuPhone
        ,yonghu.yonghu_id_number as yonghuIdNumber
        ,yonghu.banji_types as banjiTypes
        ,yonghu.yonghu_email as yonghuEmail
        ,yonghu.yonghu_delete as yonghuDelete

        FROM chengji  a
        left JOIN yonghu yonghu ON a.yonghu_id = yonghu.id

        <where>
            <if test="params.ids != null">
                and a.id in
                <foreach item="item" index="index" collection="params.ids" open="(" separator="," close=")">
                #{item}
                </foreach>
            </if>
            <if test=" params.chengjiName != '' and params.chengjiName != null and params.chengjiName != 'null' ">
                and a.chengji_name like CONCAT('%',#{params.chengjiName},'%')
            </if>
            <if test="params.chengjiTypes != null and params.chengjiTypes != ''">
                and a.chengji_types = #{params.chengjiTypes}
            </if>
            <if test="params.xuenfenNumberStart != null and params.xuenfenNumberStart != ''">
                <![CDATA[  and a.xuenfen_number >= #{params.xuenfenNumberStart}   ]]>
            </if>
            <if test="params.xuenfenNumberEnd != null and params.xuenfenNumberEnd != ''">
                <![CDATA[  and a.xuenfen_number <= #{params.xuenfenNumberEnd}   ]]>
            </if>
             <if test="params.xuenfenNumber != null and params.xuenfenNumber != ''">
                and a.xuenfen_number = #{params.xuenfenNumber}
             </if>
            <if test=" params.chengjiContent != '' and params.chengjiContent != null and params.chengjiContent != 'null' ">
                and a.chengji_content like CONCAT('%',#{params.chengjiContent},'%')
            </if>
            <if test="params.yonghuId != null and params.yonghuId != ''">
                and (
                    a.yonghu_id = #{params.yonghuId}
                )
            </if>
            <if test="params.chengjiDeleteStart != null and params.chengjiDeleteStart != ''">
                <![CDATA[  and a.chengji_delete >= #{params.chengjiDeleteStart}   ]]>
            </if>
            <if test="params.chengjiDeleteEnd != null and params.chengjiDeleteEnd != ''">
                <![CDATA[  and a.chengji_delete <= #{params.chengjiDeleteEnd}   ]]>
            </if>
             <if test="params.chengjiDelete != null and params.chengjiDelete != ''">
                and a.chengji_delete = #{params.chengjiDelete}
             </if>

                <!-- 判断学生的id不为空 -->
            <if test=" params.yonghuIdNotNull != '' and params.yonghuIdNotNull != null and params.yonghuIdNotNull != 'null' ">
                and a.yonghu_id IS NOT NULL
            </if>
            <if test=" params.yonghuUuidNumber != '' and params.yonghuUuidNumber != null and params.yonghuUuidNumber != 'null' ">
                and yonghu.yonghu_uuid_number like CONCAT('%',#{params.yonghuUuidNumber},'%')
            </if>
            <if test=" params.yonghuName != '' and params.yonghuName != null and params.yonghuName != 'null' ">
                and yonghu.yonghu_name like CONCAT('%',#{params.yonghuName},'%')
            </if>
            <if test=" params.yonghuPhone != '' and params.yonghuPhone != null and params.yonghuPhone != 'null' ">
                and yonghu.yonghu_phone like CONCAT('%',#{params.yonghuPhone},'%')
            </if>
            <if test=" params.yonghuIdNumber != '' and params.yonghuIdNumber != null and params.yonghuIdNumber != 'null' ">
                and yonghu.yonghu_id_number like CONCAT('%',#{params.yonghuIdNumber},'%')
            </if>
            <if test="params.banjiTypes != null  and params.banjiTypes != ''">
                and yonghu.banji_types = #{params.banjiTypes}
            </if>

            <if test=" params.yonghuEmail != '' and params.yonghuEmail != null and params.yonghuEmail != 'null' ">
                and yonghu.yonghu_email like CONCAT('%',#{params.yonghuEmail},'%')
            </if>
            <if test="params.yonghuDeleteStart != null  and params.yonghuDeleteStart != '' ">
                <![CDATA[  and yonghu.yonghu_delete >= #{params.yonghuDeleteStart}   ]]>
            </if>
            <if test="params.yonghuDeleteEnd != null  and params.yonghuDeleteEnd != '' ">
                <![CDATA[  and yonghu.yonghu_delete <= #{params.yonghuDeleteEnd}   ]]>
            </if>
            <if test="params.yonghuDelete != null  and params.yonghuDelete != '' ">
                and yonghu.yonghu_delete = #{params.yonghuDelete}
            </if>
        </where>
        order by a.${params.sort} ${params.order}
    </select>

</mapper>